"Timestamp","Age","How often do you play video games?","Do you any expertise of robotics or teleoperation?","Gender","Mental Demand: How mentally demanding was the task?","Physical Demand: How physically demanding was the task?","Temporal Demand: How hurried or rushed was the pace of the task?","Performance: How successful were you in accomplishing what you were asked to do?","Effort: How hard did you have to work to accomplish your level of performance?","Frustration: How insecure, discouraged, irritated, stressed, and annoyed were you?","Mental Demand: How mentally demanding was the task?","Physical Demand: How physically demanding was the task?","Temporal Demand: How hurried or rushed was the pace of the task?","Performance: How successful were you in accomplishing what you were asked to do?","Effort: How hard did you have to work to accomplish your level of performance?","Frustration: How insecure, discouraged, irritated, stressed, and annoyed were you?"
"2021/08/21 7:09:32 PM GMT+1","21","Daily","No","Male","6","4","5","5","6","6","3","3","3","6","3","3"
"2021/08/22 8:57:58 PM GMT+1","23","Daily","No","Male","5","4","5","6","5","4","4","3","5","6","3","4"
"2021/08/24 2:50:04 PM GMT+1","24","Monthly","Yes","Male","4","3","3","6","4","3","5","4","3","5","5","2"
"2021/08/26 1:52:55 PM GMT+1","24","Weekly","Yes","Male","4","2","2","7","5","1","6","2","2","4","6","1"
"2021/08/27 2:00:30 PM GMT+1","22","Weekly","No","Male","6","5","3","6","7","5","6","5","3","6","7","5"