"Timestamp","Age","How often do you play video games?","Do you any expertise of robotics or teleoperation?","Gender","Mental Demand: How mentally demanding was the task?","Physical Demand: How physically demanding was the task?","Temporal Demand: How hurried or rushed was the pace of the task?","Performance: How successful were you in accomplishing what you were asked to do?","Effort: How hard did you have to work to accomplish your level of performance?","Frustration: How insecure, discouraged, irritated, stressed, and annoyed were you?","Mental Demand: How mentally demanding was the task?","Physical Demand: How physically demanding was the task?","Temporal Demand: How hurried or rushed was the pace of the task?","Performance: How successful were you in accomplishing what you were asked to do?","Effort: How hard did you have to work to accomplish your level of performance?","Frustration: How insecure, discouraged, irritated, stressed, and annoyed were you?"
"2021/08/21 6:34:37 PM GMT+1","21","Daily","No","Male","4","2","5","7","3","4","3","3","4","7","3","2"
"2021/08/22 8:55:46 PM GMT+1","23","Daily","No","Male","4","3","5","6","3","4","3","3","5","6","4","3"
"2021/08/24 2:48:37 PM GMT+1","24","Monthly","Yes","Male","1","1","2","7","2","2","2","2","1","5","3","2"
"2021/08/26 1:46:09 PM GMT+1","24","Weekly","Yes","Male","4","2","3","6","5","1","4","2","1","6","5","1"
"2021/08/27 1:51:10 PM GMT+1","22","Weekly","No","Male","5","2","3","6","2","1","2","2","2","7","3","1"